date,FL892090005.Q,LM152010005.Q,LM155035005.Q,LM165015205.Q,LM165013765.Q,LM155111005.Q,LM112010005.Q,LM115035005.Q,LM115015205.Q,LM115013765.Q,LM115020005.Q,LM662090205.Q,LM883164105.Q,LM103164103.Q,LM793164105.Q,LM315015005.Q,LM315014665.Q,LM315013265.Q,LM315013765.Q,LM212010095.Q,LM215015605.Q,LM215013265.Q,LM215013765.Q,FL882090265.Q,FL264194005.Q,LM263164100.Q,FL264190005.Q,FL264090005.Q,LM263064105.Q,FL264090035.Q,FL892090005.Q,FC892090005.Q,PC892090005.Q,FL152090005.Q,FC152090005.Q,PC152090005.Q
1945:Q4,732955,189324,134635,436,257,53996,188688,151676,10964,1942,24107,0,151910,103694,48216,135721,54203,77510,4008,66207,64931,993,283,1105,14523,942,13581,13418,2700,10718,732955,ND,ND,806530,ND,ND
1946:Q1,ND,ND,ND,ND,ND,ND,ND,ND,ND,ND,ND,ND,ND,ND,ND,ND,ND,ND,ND,ND,ND,ND,ND,ND,ND,ND,ND,ND,ND,ND,ND,ND,ND,ND,ND,ND
1946:Q2,ND,ND,ND,ND,ND,ND,ND,ND,ND,ND,ND,ND,ND,ND,ND,ND,ND,ND,ND,ND,ND,ND,ND,ND,ND,ND,ND,ND,ND,ND,ND,ND,ND,ND,ND,ND
1946:Q3,ND,ND,ND,ND,ND,ND,ND,ND,ND,ND,ND,ND,ND,ND,ND,ND,ND,ND,ND,ND,ND,ND,ND,ND,ND,ND,ND,ND,ND,ND,ND,ND,ND,ND,ND,ND
1946:Q4,804807,220712,158074,590,292,61756,227819,179671,13074,2162,32912,0,145655,97302,48353,132686,58350,69624,4712,73034,71615,1099,320,4901,16756,1001,15755,11855,2690,9165,804807,71851,9.80295660463754,885126,78596,9.74493998571562
1947:Q1,ND,ND,ND,ND,ND,ND,ND,ND,ND,ND,ND,ND,ND,ND,ND,ND,ND,ND,ND,ND,ND,ND,ND,ND,ND,ND,ND,ND,ND,ND,ND,ND,ND,ND,ND,ND
1947:Q2,ND,ND,ND,ND,ND,ND,ND,ND,ND,ND,ND,ND,ND,ND,ND,ND,ND,ND,ND,ND,ND,ND,ND,ND,ND,ND,ND,ND,ND,ND,ND,ND,ND,ND,ND,ND
1947:Q3,ND,ND,ND,ND,ND,ND,ND,ND,ND,ND,ND,ND,ND,ND,ND,ND,ND,ND,ND,ND,ND,ND,ND,ND,ND,ND,ND,ND,ND,ND,ND,ND,ND,ND,ND,ND
1947:Q4,916913,280809,206381,768,310,73350,262959,206256,17091,2507,37106,0,143857,95116,48741,124219,60427,58568,5224,93348,91580,1452,316,11721,23622,972,22650,11901,2480,9421,916913,112107,13.9296260577322,984117,98991,11.1838277925154
1948:Q1,ND,ND,ND,ND,ND,ND,ND,ND,ND,ND,ND,ND,ND,ND,ND,ND,ND,ND,ND,ND,ND,ND,ND,ND,ND,ND,ND,ND,ND,ND,ND,ND,ND,ND,ND,ND
1948:Q2,ND,ND,ND,ND,ND,ND,ND,ND,ND,ND,ND,ND,ND,ND,ND,ND,ND,ND,ND,ND,ND,ND,ND,ND,ND,ND,ND,ND,ND,ND,ND,ND,ND,ND,ND,ND
1948:Q3,ND,ND,ND,ND,ND,ND,ND,ND,ND,ND,ND,ND,ND,ND,ND,ND,ND,ND,ND,ND,ND,ND,ND,ND,ND,ND,ND,ND,ND,ND,ND,ND,ND,ND,ND,ND
1948:Q4,969614,313676,229359,944,310,83063,281247,218473,21751,2667,38356,0,143064,94141,48923,116197,61973,48385,5839,101692,99593,1788,311,13738,26311,944,25367,12573,2305,10268,969614,52701,5.74761754354278,1036947,52831,5.36832995228185
1949:Q1,ND,ND,ND,ND,ND,ND,ND,ND,ND,ND,ND,ND,ND,ND,ND,ND,ND,ND,ND,ND,ND,ND,ND,ND,ND,ND,ND,ND,ND,ND,ND,ND,ND,ND,ND,ND
1949:Q2,ND,ND,ND,ND,ND,ND,ND,ND,ND,ND,ND,ND,ND,ND,ND,ND,ND,ND,ND,ND,ND,ND,ND,ND,ND,ND,ND,ND,ND,ND,ND,ND,ND,ND,ND,ND
1949:Q3,ND,ND,ND,ND,ND,ND,ND,ND,ND,ND,ND,ND,ND,ND,ND,ND,ND,ND,ND,ND,ND,ND,ND,ND,ND,ND,ND,ND,ND,ND,ND,ND,ND,ND,ND,ND
1949:Q4,995905,340055,246931,1043,315,91766,284457,223629,23747,2777,34304,0,153076,103822,49254,106730,59717,40563,6450,97248,95103,1831,314,14339,27842,708,27134,13503,2490,11013,995905,26291,2.71153107667674,1079365,42418,4.09064175803261
1950:Q1,ND,ND,ND,ND,ND,ND,ND,ND,ND,ND,ND,ND,ND,ND,ND,ND,ND,ND,ND,ND,ND,ND,ND,ND,ND,ND,ND,ND,ND,ND,ND,ND,ND,ND,ND,ND
1950:Q2,ND,ND,ND,ND,ND,ND,ND,ND,ND,ND,ND,ND,ND,ND,ND,ND,ND,ND,ND,ND,ND,ND,ND,ND,ND,ND,ND,ND,ND,ND,ND,ND,ND,ND,ND,ND
1950:Q3,ND,ND,ND,ND,ND,ND,ND,ND,ND,ND,ND,ND,ND,ND,ND,ND,ND,ND,ND,ND,ND,ND,ND,ND,ND,ND,ND,ND,ND,ND,ND,ND,ND,ND,ND,ND
1950:Q4,1097331,387345,278126,1346,345,107528,304107,236564,28428,3009,36106,0,176353,126681,49672,106631,63069,36166,7396,109628,107032,2256,340,13267,29604,1175,28429,16337,2925,13412,1097331,101426,10.1842548953445,1171476,92111,8.53380143534005
1951:Q1,ND,ND,ND,ND,ND,ND,ND,ND,ND,ND,ND,ND,ND,ND,ND,ND,ND,ND,ND,ND,ND,ND,ND,ND,ND,ND,ND,ND,ND,ND,ND,ND,ND,ND,ND,ND
1951:Q2,ND,ND,ND,ND,ND,ND,ND,ND,ND,ND,ND,ND,ND,ND,ND,ND,ND,ND,ND,ND,ND,ND,ND,ND,ND,ND,ND,ND,ND,ND,ND,ND,ND,ND,ND,ND
1951:Q3,ND,ND,ND,ND,ND,ND,ND,ND,ND,ND,ND,ND,ND,ND,ND,ND,ND,ND,ND,ND,ND,ND,ND,ND,ND,ND,ND,ND,ND,ND,ND,ND,ND,ND,ND,ND
1951:Q4,1220469,430981,308963,1592,366,120060,333817,255779,31394,3103,43541,0,197692,147629,50063,120256,71927,39900,8429,123206,120380,2464,362,14517,31671,1390,30281,17154,3450,13704,1220469,123138,11.2215794797057,1280571,109095,9.31263330815908
1952:Q1,1234235,437146,311906,1634,365,123241,336414,257823,31895,3103,43592,0,201685,151463,50222,121850,71817,41423,8610,123195,120306,2530,359,13945,31253,363,30890,17308,3454,13854,1234235,13766,1.12791071917693,1298876,18305,1.42940774819594
1952:Q2,1261379,448860,322754,1682,366,124058,338617,259926,32449,3126,43116,0,207970,157607,50363,124515,72871,42832,8812,126827,123898,2569,360,14590,32485,789,31696,17895,3539,14356,1261379,27144,2.1992815558459,1321437,22561,1.73697378884302
1952:Q3,1274763,453482,324183,1697,369,127233,339344,262026,32454,3181,41682,0,207383,156907,50476,128160,74518,44611,9031,131718,128739,2615,364,14676,33187,1128,32059,18511,3434,15077,1274763,13384,1.06104599212197,1334249,12812,0.96954167571167
1952:Q4,1274752,463972,334895,1728,375,126974,336951,262603,32715,3221,38412,0,197219,146628,50591,130505,74903,46335,9267,130592,127574,2646,372,15513,34068,1459,32609,18555,3705,14850,1274752,-10,-0.000806682967247,1338221,3972,0.297679365029307
1953:Q1,1283272,472930,340387,1787,380,130376,335905,262881,33091,3283,36650,0,193757,143052,50705,131996,74987,47505,9504,132496,129388,2736,372,16188,34664,1492,33172,18476,3569,14907,1283272,8520,0.668363023220786,1348482,10261,0.766749407262049
1953:Q2,1284942,481964,347238,1855,386,132485,335537,263388,33682,3326,35141,0,184623,133816,50807,135164,75937,49502,9725,131263,128139,2745,379,16391,35178,1399,33779,18787,3476,15311,1284942,1669,0.130077351382924,1350745,2264,0.167872276474876
1953:Q3,1297260,493031,357332,1926,390,133383,337200,265056,34342,3381,34421,0,180195,129274,50921,137981,76392,51644,9945,132149,128998,2765,386,16704,35908,1290,34618,19204,3430,15774,1297260,12318,0.958659467353354,1365441,14696,1.08797691871515
1953:Q4,1310787,493420,355919,1980,394,135127,337212,264204,34708,3430,34869,0,195074,144082,50992,138681,75199,53327,10155,129389,126196,2799,394,17011,36504,1329,35175,19493,3650,15843,1310787,13527,1.04273027423757,1386274,20833,1.52573166038927
1954:Q1,1329763,498300,357485,2045,399,138371,338560,264500,35130,3518,35412,0,207401,156255,51146,141310,75987,54945,10378,127575,124311,2862,402,16617,36996,1439,35557,20379,3996,16383,1329763,18976,1.44767178133493,1409068,22794,1.64429184193467
1954:Q2,1357996,501393,361814,2109,404,137066,339983,266070,35504,3535,34874,0,223864,172550,51314,143407,76904,55873,10630,132951,129533,3009,409,16398,37465,1554,35911,21067,4353,16714,1357996,28233,2.12317839588974,1430747,21679,1.53852847754606
1954:Q3,1392352,510852,371385,2121,410,136936,342886,269336,35032,3570,34948,0,243537,191985,51552,146517,77496,58111,10910,132794,129274,3103,417,15766,37742,1708,36034,21976,4804,17172,1392352,34356,2.52989375217061,1466969,36222,2.53169059544847
1954:Q4,1412484,520881,379599,2160,417,138705,344494,271288,35048,3603,34554,0,246489,194840,51649,149640,78848,59577,11215,135157,131514,3217,426,15823,38592,1868,36724,22769,5254,17515,1412484,20132,1.44589398402662,1484146,17176,1.17086105912479
1955:Q1,1427998,527824,384467,2175,424,140758,347468,273935,35018,3738,34778,0,253750,202122,51628,148985,78041,59387,11557,133805,130014,3355,436,16166,38932,1934,36998,22766,5407,17359,1427998,15515,1.09838767671929,1505768,21623,1.45690661050589
1955:Q2,1472964,540614,394908,2226,432,143048,350441,277896,35611,3762,33172,0,277402,225533,51869,151243,78382,60920,11941,136975,133076,3452,447,16289,39825,2168,37657,23536,5981,17555,1472964,44965,3.14883811244416,1540799,35031,2.3264205948556
1955:Q3,1519248,555201,406169,2313,442,146277,355170,282691,36770,3811,31898,0,293047,240995,52052,154398,79613,62415,12370,145248,141151,3637,460,16184,40420,2333,38087,24236,6349,17887,1519248,46284,3.14225709883591,1580114,39316,2.55164125200117
1955:Q4,1546142,565459,414487,2412,455,148105,359454,287208,38015,3850,30381,0,296234,244222,52012,158331,80989,64477,12865,150032,145774,3782,476,16632,41138,2439,38699,24506,6575,17931,1546142,26894,1.77024959941543,1600552,20438,1.29345821756949
1956:Q1,1593125,577339,424188,2484,466,150201,366102,292720,38711,3925,30746,0,314586,262345,52241,162456,82202,66841,13413,155948,151563,3894,491,16694,42233,2642,39591,25539,7074,18465,1593125,46982,3.03868082865811,1643305,42753,2.67111536767761
1956:Q2,1611396,588176,433166,2555,479,151976,372306,297111,39222,3975,31998,0,305098,252704,52394,166558,85212,67331,14015,161766,157406,3855,505,17492,43237,2591,40646,25745,6899,18846,1611396,18272,1.14690042392272,1653451,10146,0.617396822736038
1956:Q3,1631994,599584,440946,2651,491,155496,376787,301342,40011,4047,31387,0,299357,246833,52524,171035,88383,67989,14663,167157,162754,3885,518,18074,44455,2565,41890,26381,6805,19576,1631994,20598,1.2782858854504,1672072,18621,1.12618125140506
1956:Q4,1671171,608091,445773,2726,502,159090,378825,302998,40432,4110,31285,0,320993,268373,52620,173094,89332,68423,15339,170002,165507,3966,529,20166,46467,2625,43842,26301,6961,19340,1671171,39176,2.40051956296163,1710520,38448,2.29943463061293
1957:Q1,1679610,619062,453596,2824,516,162126,383079,306042,41297,4200,31540,0,306790,254023,52767,176317,90294,69959,16064,172591,168045,4006,540,21771,47562,2486,45076,25791,6621,19170,1679610,8439,0.504968933782773,1723462,12942,0.75661152993288
1957:Q2,1722232,630621,461358,2873,529,165861,387004,309176,41396,4261,32171,0,326030,273076,52954,178278,91919,69530,16829,177518,172924,4044,550,22781,49531,2645,46886,26750,7112,19638,1722232,42622,2.53762878995668,1760650,37188,2.15775865661521
1957:Q3,1713226,639368,468792,2952,542,167082,391541,312497,41910,4336,32797,0,298582,245392,53190,180384,92652,70121,17611,179027,174353,4112,562,24324,50246,2388,47858,25922,6484,19438,1713226,-9006,-0.522934946050001,1759132,-1518,-0.086241442674888
1957:Q4,1722522,643760,471674,3050,555,168481,393647,313203,42763,4392,33289,0,299142,245747,53395,182371,93488,70483,18400,178248,173484,4190,574,25354,51318,2233,49085,25964,6091,19873,1722522,9296,0.542620697687441,1775913,16782,0.953967895984591
1958:Q1,1743683,644332,468427,3092,571,172242,400106,316188,42747,4500,36671,0,314931,261319,53612,181513,92639,69686,19188,176905,172109,4208,588,25896,52351,2320,50031,26455,6328,20127,1743683,21161,1.22846883116703,1809318,33405,1.88097915326256
1958:Q2,1780585,650040,474349,3155,589,171947,404387,319557,43118,4534,37178,0,332394,278565,53829,184692,94938,69806,19948,182069,177211,4256,602,27003,53879,2514,51365,26876,6840,20036,1780585,36902,2.11632371420825,1836498,27180,1.50224191278348
1958:Q3,1835174,660429,484262,3205,608,172354,407861,321474,43334,4556,38497,0,364630,310541,54089,188342,96788,70864,20690,186946,181991,4337,618,26966,55061,2786,52275,28095,7537,20558,1835174,54590,3.06583294971018,1890590,54092,2.94538135022501
1958:Q4,1867188,670318,493819,3263,628,172608,409861,323570,43680,4596,38015,0,378956,324670,54286,191377,98262,71695,21420,189731,184588,4507,636,26945,56400,3095,53305,29455,8305,21150,1867188,32013,1.7444387817364,1920824,30234,1.59916948509356
1959:Q1,1886172,674228,493678,3341,648,176561,412384,325796,44148,4582,37858,0,386540,332012,54528,192907,98056,72723,22128,193453,188456,4343,654,26660,57028,3193,53835,30368,8475,21893,1886172,18984,1.01670789923694,1941134,20310,1.05737400390888
1959:Q2,1917214,686606,504127,3414,669,178396,415161,328916,44573,4698,36974,0,401189,346451,54738,194597,98094,73668,22835,193512,188365,4476,671,26149,58947,3451,55496,32798,9039,23759,1917214,31042,1.64577867630472,1968860,27726,1.42836276369557
1959:Q3,1926173,697402,513598,3487,690,179627,417187,331781,44948,4825,35634,0,394795,339875,54920,196426,97969,74915,23542,194355,189058,4609,688,26008,59599,3452,56147,33591,8906,24685,1926173,8959,0.46731837591724,1982108,13248,0.672857638909007
1959:Q4,1961129,706025,521544,3550,710,180221,419025,334803,45093,4964,34165,0,417131,362157,54974,198000,97949,75803,24248,195147,189729,4714,704,25801,60375,3689,56686,34574,9363,25211,1961129,34956,1.81478624593721,2015782,33674,1.69890951694792
1960:Q1,1961651,720533,534527,3599,728,181679,423941,338815,45218,4971,34937,0,394287,339310,54977,198836,97775,76077,24984,197145,191590,4836,719,26909,61218,3544,57674,34309,8811,25498,1961651,521,0.026582299888569,2024176,8394,0.416407713193377
1960:Q2,1983681,726937,539185,3672,747,183333,427155,342539,45557,4980,34080,0,403002,347588,55414,199945,97388,76806,25751,199370,193701,4932,737,27272,62507,3753,58754,35235,9081,26154,1983681,22031,1.12305936519808,2042202,18026,0.89053092158964
1960:Q3,1976283,734743,545818,3726,766,184433,431473,346090,45620,5057,34705,0,376615,321285,55330,203794,99527,77741,26526,202031,196252,5024,755,27627,63098,3580,59518,35471,8460,27011,1976283,-7399,-0.372977494639923,2037601,-4601,-0.225273909279509
1960:Q4,2031464,737554,547589,3760,784,185421,434724,349081,45489,5154,35000,0,421074,365166,55908,205213,99524,78386,27303,204358,198461,5123,774,28541,65461,3984,61477,36920,9302,27618,2031464,55182,2.79219869298101,2090840,53239,2.61282981134563
1961:Q1,2083246,736012,545980,3809,807,185416,439316,353486,45390,5189,35250,0,466533,410353,56180,205643,98066,79476,28101,207217,201205,5219,793,28525,67165,4479,62686,38640,10468,28172,2083246,51781,2.54896877749818,2141300,50460,2.41336022839601
1961:Q2,2108708,748140,556950,3863,830,186497,444446,359271,45360,5253,34562,0,467636,411555,56081,208956,99986,80031,28939,210077,203955,5309,813,29453,68251,4440,63811,38798,10536,28262,2108708,25462,1.22222220647768,2164004,22704,1.06030842303405
1961:Q3,2143488,759563,567010,3919,855,187779,451109,364646,45330,5365,35768,0,479691,423621,56070,210214,99423,80981,29810,212982,206750,5398,834,29929,70358,4524,65834,40429,10900,29529,2143488,34781,1.64938400847193,2200461,36456,1.68467162097187
1961:Q4,2206613,769627,576368,3989,882,188388,457537,370084,45402,5480,36571,0,516192,437674,78518,215738,103011,82023,30704,216826,210486,5485,855,30693,72101,4902,67199,41408,11808,29600,2206613,63125,2.94495613765734,2256391,55930,2.5417521625266
1962:Q1,2219377,779418,584759,4053,914,189692,464448,375806,45613,5497,37532,0,505572,427931,77641,217177,102859,82733,31585,221114,214663,5572,879,31648,73513,4878,68635,41865,11548,30317,2219377,12763,0.578419538877855,2269368,12977,0.575109302677148
1962:Q2,2122904,786529,590011,4122,946,191450,470227,381404,45863,5560,37400,0,386371,326582,59789,220171,103376,84311,32484,225090,218520,5670,900,34516,74099,3847,70252,39583,8793,30790,2122904,-96472,-4.34681655358602,2174587,-94780,-4.17650787119828
1962:Q3,2168713,793700,594920,4191,979,193610,476886,386448,46107,5608,38723,0,408488,345363,63125,226509,106916,86187,33406,228173,221486,5764,923,34957,75385,4185,71200,40428,9267,31161,2168713,45808,2.15781718444514,2214045,39457,1.81447725714051
1962:Q4,2282119,803579,603604,4245,1011,194719,482180,391707,46186,5680,38607,0,499109,424314,74795,230254,107166,88720,34368,232175,225373,5856,946,34822,77078,4714,72364,42256,10336,31920,2282119,113406,5.22919326868526,2319046,105001,4.7425122091627
1963:Q1,2329962,813445,611427,4309,1046,196663,486144,395833,46459,5672,38180,0,527887,447981,79906,231593,107774,88354,35465,235562,228614,5976,972,35331,79175,4943,74232,43844,10950,32894,2329962,47843,2.09644840691073,2353388,34342,1.48084794753682
1963:Q2,2371484,817644,612853,4372,1085,199334,488802,398720,46721,5734,37628,0,553939,469026,84913,235393,109318,89374,36701,239747,232637,6110,1000,35959,81622,5053,76569,45663,11526,34137,2371484,41522,1.78209573323924,2385575,32187,1.36768452560548
1963:Q3,2415261,830885,623306,4448,1125,202006,490283,400424,47122,5832,36905,0,577178,487677,89501,237895,110582,89225,38088,243351,236078,6242,1031,35669,82575,5094,77481,46906,12031,34875,2415261,43777,1.84596523779142,2427460,41885,1.75576207462772
1963:Q4,2413234,839160,628622,4529,1168,204841,495126,405397,47573,5958,36198,0,553330,465779,87551,240733,110868,90317,39548,248056,240596,6396,1064,36829,84233,5145,79088,47404,12485,34919,2413234,-2027,-0.083941477787585,2422388,-5071,-0.208914327422052
1964:Q1,2462623,843875,630274,4611,1211,207779,497959,408367,48052,5982,35558,0,587915,495027,92888,243250,111753,90463,41034,251895,244260,6538,1097,37729,86018,5300,80718,48289,13137,35152,2462623,49389,2.0465869039281,2468908,46520,1.92042728912447
1964:Q2,2514039,860171,643749,4697,1252,210473,505967,416480,48572,6064,34852,0,606920,511094,95826,246568,112748,91353,42467,256035,248203,6701,1131,38378,87613,5332,82281,49235,13468,35767,2514039,51417,2.0878826109428,2513119,44210,1.79067577850358
1964:Q3,2556619,869243,649814,4785,1294,213350,511997,421549,49079,6135,35234,0,627876,528953,98923,248647,113400,91414,43833,260245,252231,6850,1164,38611,89549,5352,84197,50938,13766,37172,2556619,42579,1.69366454592229,2559573,46454,1.84845782453832
1964:Q4,2599964,884106,662499,4873,1334,215400,521652,430762,49568,6186,35136,0,641976,545955,96021,250988,114031,91830,45127,264751,256533,7023,1195,36491,92885,5270,87615,56394,13835,42559,2599964,43345,1.69541602440279,2603835,44263,1.72929952748923
1965:Q1,2644135,895205,669614,4969,1375,219247,529006,436131,50334,6223,36318,0,658083,559834,98249,252626,114950,91259,46417,270614,262188,7197,1229,38601,95168,5180,89988,56567,13914,42653,2644135,44171,1.69890089345577,2647547,43712,1.67874433464925
1965:Q2,2648539,903705,675093,5055,1420,222137,536960,441749,50962,6304,37945,0,633045,539451,93594,257209,117306,92105,47798,276863,268229,7370,1264,40757,97094,4809,92285,56337,13279,43058,2648539,4404,0.166572878958771,2644477,-3070,-0.115942670301925
1965:Q3,2725884,912547,681036,5170,1468,224873,542741,446931,51832,6405,37573,0,688677,587928,100749,258922,117395,92251,49276,282442,273627,7511,1304,40555,98686,5041,93645,58131,14296,43835,2725884,77344,2.92025513250481,2722302,77825,2.94292454373141
1965:Q4,2816160,930942,696286,5257,1522,227877,556911,458451,52388,6463,39609,0,729875,623812,106063,262979,119241,92859,50879,288476,279422,7708,1346,46977,106076,5048,101028,59099,14599,44500,2816160,90277,3.3118401293507,2802717,80415,2.95393429970862
1966:Q1,2816799,935825,696079,5366,1573,232807,562682,461800,53224,6545,41113,0,709573,606267,103306,265698,120999,92154,52545,294373,285069,7912,1392,48648,107344,4846,102498,58696,14027,44669,2816799,639,0.022673301774041,2809327,6610,0.235840777321426
1966:Q2,2859460,971324,726016,5501,1626,238181,579300,476890,54305,6605,41501,0,681091,581050,100041,271968,124022,93720,54226,304753,295191,8124,1438,51024,109520,4592,104928,58496,12923,45573,2859460,42662,1.51454065517759,2841514,32187,1.14571060116185
1966:Q3,2815605,979823,728570,5636,1681,243936,586280,481986,55405,6637,42252,0,611587,523227,88360,274953,125020,94024,55909,311212,301397,8330,1485,51750,110537,4122,106415,58787,11455,47332,2815605,-43855,-1.5336883415377,2813197,-28317,-0.996538961828701
1966:Q4,2907500,1005994,748935,5795,1738,249526,597842,493570,56844,6690,40738,0,656100,547891,108209,278893,125613,95719,57561,318877,308731,8612,1534,49794,111570,4324,107246,61776,12643,49133,2907500,91895,3.26376187852393,2902244,89046,3.16531278284039
1967:Q1,3015757,1013807,753320,5920,1795,252772,603401,498692,57695,6681,40333,0,742453,625556,116897,282480,127263,95982,59235,325805,315386,8834,1585,47811,113787,4875,108912,65976,16002,49974,3015757,108257,3.72335827997322,3008410,106166,3.65808316960497
1967:Q2,3060399,1028922,762765,6047,1854,258256,612209,504857,58617,6748,41986,0,754630,641312,113318,287232,128614,97624,60994,331364,320684,9040,1640,46042,116280,4919,111361,70238,19156,51082,3060399,44642,1.48030040262778,3049455,41045,1.36434450467422
1967:Q3,3147778,1047820,774483,6175,1917,265245,619666,511908,59576,6855,41327,0,804532,678588,125944,293256,131182,99230,62844,340629,329686,9247,1696,41875,119266,5227,114039,77391,23588,53803,3147778,87379,2.85515990057418,3136101,86646,2.84134704301642
1967:Q4,3228007,1074447,794221,6317,1984,271925,631473,522958,60645,7023,40847,0,829869,712221,117648,299818,134421,100596,64801,348994,337658,9580,1756,43406,125183,5238,119945,81777,25511,56266,3228007,80228,2.54873288910947,3203775,67675,2.15791902371341
1968:Q1,3231938,1104937,817753,6435,2050,278699,645336,533779,61497,7151,42908,0,771076,652734,118342,303856,136565,100520,66771,361012,349347,9844,1821,45721,127631,4938,122693,81910,24631,57279,3231938,3931,0.121784747709054,3226149,22373,0.69834571751888
1968:Q2,3387431,1130394,836122,6573,2120,285579,657373,543214,62526,7189,44444,0,878753,731114,147639,307734,137314,101619,68801,368721,356784,10048,1889,44456,131056,5750,125306,86600,28212,58388,3387431,155493,4.81113541632487,3364033,137884,4.27395987640594
1968:Q3,3443750,1152220,849479,6714,2195,293832,666651,550907,63572,7229,44944,0,895325,728536,166789,312231,139258,102080,70893,373500,361283,10256,1961,43823,134328,6104,128224,90505,28883,61622,3443750,56320,1.66260271358258,3426138,62105,1.84613889917417
1968:Q4,3629538,1200785,889605,6876,2274,302030,685648,569262,64817,7322,44247,0,989633,843150,146483,319583,143061,103491,73031,387058,374457,10564,2037,46831,140390,6452,133938,93559,29517,64042,3629538,185788,5.39493591880155,3595696,169558,4.94895599224
1969:Q1,3645459,1233251,914582,7036,2344,309289,699780,580615,65851,7436,45878,0,939784,803399,136385,325993,147111,103572,75310,399410,386473,10821,2116,47241,142994,6516,136478,95753,28598,67155,3645459,15921,0.438641934267795,3613016,17320,0.481679804857853
1969:Q2,3669277,1259344,932881,7208,2417,316838,713711,591182,67005,7506,48018,0,901158,774485,126673,334385,151093,105644,77648,413770,400493,11081,2196,46909,146313,6737,139576,99404,27895,71509,3669277,23818,0.653373655531539,3620342,7326,0.202767671898731
1969:Q3,3687676,1278153,945017,7409,2491,323236,721317,598403,68463,7646,46805,0,875844,743955,131889,337517,152270,105202,80045,423697,410046,11367,2284,51148,149206,6763,142443,98058,26633,71425,3687676,18398,0.501417056176273,3642369,22028,0.608441611755024
1969:Q4,3709038,1308683,968674,7605,2568,329836,734630,609003,69966,7757,47903,0,833656,705075,128581,343047,154673,105910,82464,438039,423875,11791,2373,50983,153848,6953,146895,102865,26761,76104,3709038,21362,0.57927765440667,3660400,18030,0.495015078590654
1970:Q1,3724786,1318327,973544,7805,2644,334334,744233,616240,71420,7893,48680,0,808263,677754,130509,350816,157966,107935,84915,450970,436392,12111,2467,52177,157279,6749,150530,105102,25996,79106,3724786,15749,0.424604468386321,3688022,27622,0.754620625921963
1970:Q2,3647313,1356816,1006440,7995,2718,339663,766821,637157,72843,7933,48888,0,642705,541573,101132,357917,161636,108995,87286,467739,452810,12367,2562,55315,158681,5713,152968,103366,21457,81909,3647313,-77474,-2.07994876009482,3624812,-63210,-1.71391595647883
1970:Q3,3777092,1362891,1005793,8169,2791,346138,766776,636223,74178,8029,48346,0,748681,633467,115214,363003,163847,109541,89615,482361,467076,12628,2657,53380,161196,6471,154725,107816,24473,83343,3777092,129779,3.5582137612211,3752460,127648,3.52150652525638
1970:Q4,3918725,1390872,1025204,8354,2862,354452,778656,648064,75687,8143,46762,0,824660,702189,122471,370169,168165,110090,91914,499590,483690,13154,2746,54778,166764,6573,160191,111986,27209,84777,3918725,141633,3.74978738646266,3875876,123416,3.28893930952686
1971:Q1,4080047,1427159,1051931,8579,2936,363713,801888,666254,77261,8283,50090,0,912811,774490,138321,376450,172118,110250,94082,512790,496505,13451,2834,48949,167703,7287,160416,118754,30545,88209,4080047,161322,4.11669008044602,4038504,162627,4.19588259938279
1971:Q2,4151443,1461016,1078498,8773,3007,370738,822809,684249,78614,8290,51656,0,911453,778343,133110,382823,175923,110836,96064,526005,509411,13672,2922,47337,171144,7486,163658,123807,29701,94106,4151443,71396,1.74988666707549,4112398,73894,1.82974545958089
1971:Q3,4198953,1490789,1104238,8921,3077,374553,842012,702377,79575,8280,51780,0,903856,765304,138552,386451,178150,110427,97874,536317,519408,13898,3011,39528,173468,7218,166250,133940,29859,104081,4198953,47510,1.14441353298547,4172786,60388,1.46843708613135
1971:Q4,4330092,1517895,1127739,9063,3143,377950,861889,719630,80401,8218,53640,0,967230,823753,143477,391164,182422,109194,99548,550710,533464,14148,3098,41204,181277,7641,173636,140073,30811,109262,4330092,131139,3.12314625691919,4294498,121712,2.91680504555005
1972:Q1,4510957,1570890,1171254,9454,3215,386967,887520,742508,81852,8339,54821,0,1025943,871948,153995,427954,185589,141135,101230,563316,545649,14479,3188,35334,181719,8779,172940,146385,33513,112872,4510957,180865,4.1769385271601,4452863,158366,3.6876378243634
1972:Q2,4565332,1600642,1192509,9833,3292,395008,910221,760606,83081,8364,58169,0,1023873,874936,148937,423607,189858,130622,103127,572273,554204,14791,3278,34716,184601,9359,175242,149885,33803,116082,4565332,54374,1.205385678684,4517761,64898,1.45743628767815
1972:Q3,4673418,1649565,1232534,10196,3371,403464,936117,783638,84127,8343,60009,0,1049113,893435,155678,422646,197234,120250,105162,585853,567389,15090,3374,30124,187497,9616,177881,157373,35099,122274,4673418,108087,2.36755200992081,4643089,125328,2.77410683593079
1972:Q4,4949159,1714191,1290675,10558,3458,409500,969769,812021,85059,8281,64408,0,1192744,1032664,160080,424734,205043,112319,107372,603135,584266,15403,3466,44586,211377,10537,200840,166791,39059,127732,4949159,275740,5.9001838975661,4889875,246786,5.3151250351864
1973:Q1,4958760,1758700,1322715,11001,3553,421431,1008068,841729,87161,8351,70828,257,1105552,970552,135000,435535,212754,112871,109910,623444,604043,15826,3575,27204,200426,12272,188154,173222,37594,135628,4958760,9602,0.194004279803248,4913833,23959,0.489969984563269
1973:Q2,5021955,1819177,1369699,11537,3668,434273,1053781,877440,89924,8385,78032,506,1021455,903639,117816,449578,219994,116763,112821,644767,624687,16374,3706,32691,205094,11887,193207,172403,34552,137851,5021955,63195,1.27441367450419,4953642,39809,0.810134972342982
1973:Q3,5246108,1891339,1430284,12057,3806,445192,1101662,918459,92535,8417,82250,735,1092352,953484,138868,461882,226697,119108,116077,665888,645037,16990,3861,32250,208735,11711,197024,176485,37905,138580,5246108,224152,4.46344583224272,5134886,181243,3.65879232497689
1973:Q4,5225925,1943353,1472632,12517,3967,454237,1137626,952736,94524,8452,81914,950,928312,809377,118935,470817,232712,118393,119712,692867,671307,17519,4041,52000,222671,10026,212645,170671,33516,137155,5225925,-20182,-0.384707786564851,5099503,-35382,-0.689057898682079
1974:Q1,5278287,1944537,1462386,13193,4139,464819,1167160,981955,97218,8608,79379,1146,901160,784167,116993,485192,239841,121833,123518,730848,708237,18381,4230,48244,225780,10625,215155,177536,34242,143294,5278287,52362,1.00195854369692,5128991,29488,0.578249243110145
1974:Q2,5310883,1962314,1461485,14046,4306,482477,1199816,1015815,101129,8747,74125,1343,807694,723296,84398,498464,249724,121507,127233,784537,760756,19376,4405,56715,231750,9769,221981,175035,30543,144492,5310883,32596,0.617549127213738,5112097,-16894,-0.329390611235454
1974:Q3,5285914,2002139,1475406,15167,4466,507100,1253400,1056064,107055,8874,81407,1530,602301,540407,61894,521529,263858,126912,130759,841279,815983,20731,4565,63736,238888,8388,230500,175152,24012,151140,5285914,-24969,-0.470144873730961,5072430,-39667,-0.775940481531842
1974:Q4,5469090,2064503,1517696,16435,4615,525757,1292571,1092686,114468,8954,76463,1706,623481,557581,65900,539658,278687,126812,134159,879746,852740,22293,4713,67425,248685,9011,239674,181260,23921,157339,5469090,183176,3.46535323874786,5211161,138731,2.73499420694902
1975:Q1,5759663,2142419,1582858,17398,4768,537395,1328121,1125228,119518,9096,74279,1829,764613,684902,79711,551822,285213,129318,137291,901134,872974,23303,4857,69725,259527,11291,248236,189802,30308,159494,5759663,290574,5.31301508562811,5463552,252391,4.84328018139753
1975:Q2,6004801,2216083,1642027,18153,4903,551000,1365082,1151517,123221,9293,81050,1921,882406,791599,90807,560180,285856,134303,140021,906443,877350,24099,4994,72686,265567,10805,254762,192881,35096,157785,6004801,245138,4.25610868065595,5696145,232593,4.25717300393415
1975:Q3,5943346,2228654,1642336,18651,5025,562642,1388252,1171453,125270,9267,82262,2015,773701,701690,72011,563336,286492,134474,142370,910817,880924,24768,5125,76571,268730,9108,259622,192159,32046,160113,5943346,-61455,-1.02343456165197,5691821,-4324,-0.075907056905438
1975:Q4,6106992,2286339,1684206,19180,5136,577817,1413732,1196957,127383,9266,80126,2135,829793,754817,74976,572094,288182,139536,144376,918768,888025,25495,5248,84131,279214,9585,269629,195083,33399,161684,6106992,163646,2.753440542468,5859678,167857,2.94909961427775
1976:Q1,6336014,2334914,1717934,19842,5250,591888,1441850,1222964,130408,9320,79158,1837,958677,868179,90498,584543,291817,146487,146239,929453,897966,26118,5369,84740,288440,9885,278555,203700,39514,164186,6336014,229021,3.75015139355676,6058825,199147,3.39859555442027
1976:Q2,6521121,2420257,1789837,20418,5419,604583,1491697,1266334,132840,9499,83024,1861,978354,887651,90703,592958,296556,147244,149158,942696,910390,26799,5507,93298,296325,9642,286683,203027,39559,163468,6521121,185107,2.92151073227661,6235902,177077,2.92263184396106
1976:Q3,6631504,2471450,1826561,21082,5572,618235,1526250,1302418,135752,9641,78439,1799,989577,897275,92302,604691,303708,149043,151940,948504,915385,27469,5650,89233,302898,9283,293615,213665,40120,173545,6631504,110383,1.69270095235302,6352019,116117,1.86207350409348
1976:Q4,6841056,2543163,1880025,21838,5735,635565,1568528,1341057,139085,9688,78698,1943,1024775,927300,97475,619525,311938,152580,155007,958936,925030,28100,5806,124186,370629,9453,361176,246443,47475,198968,6841056,209552,3.15994335192788,6520603,168584,2.6540194941626
1977:Q1,6927299,2630038,1949358,22450,5882,652348,1613779,1381470,142548,9826,79935,1803,948012,856996,91016,632426,315880,158898,157648,976681,942054,28671,5956,124560,375650,9591,366059,251090,44313,206777,6927299,86243,1.2606666968918,6628743,108140,1.65843436079313
1977:Q2,7135288,2742978,2047570,23059,6053,666296,1656365,1421959,145851,9917,78638,1927,976773,881959,94814,643294,320108,162519,160667,991013,955541,29356,6116,122938,384102,9823,374279,261164,46038,215126,7135288,207990,3.00246644320641,6808104,179361,2.70581039215826
1977:Q3,7256207,2839326,2125108,23729,6239,684250,1707151,1467924,149517,9970,79740,1877,937737,845194,92543,646157,319288,162851,164018,1009102,972754,30064,6284,114857,389870,10252,379618,275013,44502,230511,7256207,120919,1.69466179718872,6948501,140397,2.06220367480055
1977:Q4,7421559,2947298,2211304,24480,6434,705080,1762667,1512675,153776,10010,86205,1711,912469,819054,93415,656003,321005,167403,167595,1023738,986408,30871,6459,117673,409235,10110,399125,291562,45129,246433,7421559,165351,2.27875688821319,7108261,159760,2.2991938736419
1978:Q1,7572440,3042450,2286391,25249,6657,724153,1832795,1567898,157889,10338,96669,1858,865451,773767,91684,670938,326284,173592,171062,1041163,1002764,31749,6650,117785,420426,10544,409882,302641,43234,259407,7572440,150881,2.03300661700904,7282133,173872,2.44606057254286
1978:Q2,7884548,3172610,2392252,26115,6894,747349,1903389,1627928,162892,10562,102007,1937,932982,833089,99893,690309,335604,180071,174634,1069249,1029713,32674,6862,114072,426343,10730,415613,312271,47584,264687,7884548,312108,4.12163710834566,7531652,249519,3.42646159650357
1978:Q3,8170948,3288677,2483986,27005,7164,770522,1969766,1685335,168338,10780,105313,2082,1005421,895681,109740,707383,344482,184150,178751,1097674,1056941,33644,7089,99945,431532,11832,419700,331587,51327,280260,8170948,286400,3.63241639221014,7778608,246956,3.27890652496863
1978:Q4,8393197,3408033,2577511,27912,7463,795147,2038876,1742628,174005,10959,111284,1973,958383,856213,102170,722130,350840,188067,183223,1126093,1084343,34412,7338,137709,476919,11236,465683,339210,47859,291351,8393197,222249,2.71999263019023,7962935,184326,2.36965759280295
1979:Q1,8744323,3562042,2704236,28853,7779,821174,2125835,1806493,181017,11222,127103,2065,1019863,910760,109103,742072,363959,190086,188027,1156678,1113232,35827,7619,135768,495200,11735,483465,359432,51322,308110,8744323,351126,4.18346106298777,8274165,311231,3.90849037081685
1979:Q2,9079907,3717645,2832579,29758,8116,847192,2214018,1884491,187918,11582,130027,2315,1039672,920994,118678,760950,375832,191841,193277,1199040,1154194,36935,7911,146267,507654,12022,495632,361387,52534,308853,9079907,335584,3.8377353260847,8546794,272629,3.29493773214963
1979:Q3,9431264,3845429,2937035,30635,8482,869277,2300955,1963857,194812,11871,130415,2495,1106947,980996,125951,782528,388795,194756,198977,1247485,1201642,37610,8233,145425,530599,14087,516512,385174,55881,329293,9431264,351357,3.86961254594518,8830206,283412,3.31600017969851
1979:Q4,9751111,3962150,3025997,31525,8850,895778,2378715,2033458,202104,12205,130949,2694,1132450,1014625,117825,800182,397310,198111,204761,1296016,1248901,38561,8554,178904,568791,14803,553988,389887,55434,334453,9751111,319847,3.39135041107332,9111358,281152,3.18398407484747
1980:Q1,9962982,4113377,3142501,32849,9252,928775,2450504,2100246,209117,12535,128605,1435,1055683,956763,98920,816287,405210,199547,211530,1343390,1294569,39911,8910,182306,585371,14344,571027,403065,53575,349490,9962982,211870,2.17277997549292,9305283,193925,2.12838733473841
1980:Q2,10377846,4224000,3229277,34074,9621,951028,2528532,2167113,215959,12896,132565,1832,1199737,1076420,123317,841414,414842,208682,217890,1393296,1342658,41368,9270,189035,601384,17548,583836,412349,60991,351358,10377846,414865,4.16406401869705,9649274,343991,3.69672426344532
1980:Q3,10828939,4369921,3354028,35214,9989,970690,2608475,2237962,222436,13317,134760,1820,1342296,1213806,128490,861754,428874,208624,224256,1450874,1398442,42801,9631,193799,613730,19083,594647,419931,67590,352341,10828939,451092,4.34668421899759,10044839,395566,4.09943372620412
1980:Q4,11227166,4451457,3413722,36150,10389,991196,2689191,2313816,227625,13668,134082,1955,1475994,1346332,129662,888644,441487,216249,230908,1505883,1451854,44026,10003,214042,666577,18930,647647,452535,74586,377949,11227166,398228,3.67744065849289,10373827,328988,3.2751956404396
1981:Q1,11437437,4514991,3458906,37243,10750,1008092,2751420,2368248,234971,14116,134085,2116,1488591,1350793,137798,903140,447283,218410,237447,1556190,1500540,45266,10384,220989,688739,18883,669856,467750,76834,390916,11437437,210271,1.87287585878094,10572223,198396,1.91246591698886
1981:Q2,11731844,4716030,3637211,38344,11185,1029290,2804523,2410788,242312,14411,137012,2240,1462811,1315628,147183,924123,453053,226290,244780,1598064,1540605,46703,10756,224053,703496,18417,685079,479443,78076,401367,11731844,294407,2.57406473003334,10856223,284000,2.6862846976074
1981:Q3,11760481,4842252,3743288,39224,11567,1048173,2839693,2445487,248222,14814,131170,2033,1264326,1135956,128370,944126,457580,235398,251148,1636858,1578225,47526,11107,231193,711327,15333,695994,480134,69484,410650,11760481,28637,0.244092151459136,10959798,103575,0.954061043188968
1981:Q4,12061986,4916986,3803851,40085,12053,1060997,2883156,2485585,253964,15314,128293,1972,1365561,1225445,140116,960014,463386,237973,258655,1670133,1609908,48747,11478,264165,757580,16467,741113,493415,74683,418732,12061986,301506,2.56371759715811,11271893,312095,2.8476316540657
1982:Q1,12164651,5030606,3903891,40830,12379,1073506,2932154,2524585,257141,15413,135014,1973,1224213,1090243,133970,973411,469817,238930,264664,1698235,1636945,49450,11840,304059,776922,14044,762878,472862,68554,404308,12164651,102665,0.851142845328419,11407660,135767,1.20447307363803
1982:Q2,12310069,5075210,3935371,41669,12713,1085457,2969363,2554064,260982,15632,138685,2058,1195638,1073469,122169,1002884,476555,256023,270306,1731602,1669042,50368,12192,333314,800586,13513,787073,467271,67704,399567,12310069,145418,1.19541356623657,11539240,131580,1.15343773429236
1982:Q3,12494747,5096901,3948646,42230,13032,1092993,2986704,2575497,263299,16007,131900,2279,1312377,1172612,139765,1009626,479615,254603,275408,1755692,1691847,51330,12515,331169,799532,13693,785839,468363,74449,393914,12494747,184678,1.5002202165019,11762054,222814,1.9309213967307
1982:Q4,12778467,5147965,3989640,42670,13405,1102250,3005174,2589753,265265,16570,133586,2695,1545043,1386269,158774,1024488,480445,263111,280932,1762494,1697641,52025,12828,290608,799169,17442,781727,508561,88324,420237,12778467,283720,2.2707119120896,12079895,317842,2.70226272199142
1983:Q1,13077249,5213865,4039787,43250,13682,1117146,3041178,2618859,265426,16587,140305,2854,1709233,1533575,175658,1032538,480588,265856,286094,1770069,1704149,52776,13144,307512,813977,19401,794576,506465,98625,407840,13077249,298782,2.33816600233669,12410734,330838,2.73875190429562
1983:Q2,13372804,5274157,4084119,43777,13933,1132328,3052555,2634449,265484,16800,135822,3062,1923683,1736437,187246,1046336,481326,274235,290775,1772673,1705630,53563,13480,300338,826464,22898,803566,526126,110389,415737,13372804,295555,2.26007373015282,12702226,291492,2.34870833729939
1983:Q3,13466686,5340883,4130510,44367,14299,1151707,3075892,2663921,265987,17287,128697,3067,1890158,1709243,180915,1068516,488049,283509,296958,1779355,1710951,54544,13860,308814,847910,24289,823621,539096,110130,428966,13466686,93882,0.702033417275765,12854717,152492,1.2005108658241
1983:Q4,13539262,5410715,4175845,45262,14644,1174964,3120887,2704844,268076,17920,130047,3278,1829812,1630197,199615,1084610,491876,289714,303020,1784726,1715008,55465,14253,305233,888651,26154,862497,583418,109555,473863,13539262,72576,0.538929190562839,12950006,95289,0.741274086406498
1984:Q1,13723719,5608214,4352254,45872,14989,1195099,3144270,2720812,269366,18029,136063,3317,1720443,1527519,192924,1117576,503345,304153,310078,1794250,1722890,56696,14664,335649,915922,28801,887121,580273,105627,474646,13723719,184457,1.36238919823034,13183111,233105,1.80003939546889
1984:Q2,13840498,5771764,4486346,46612,15202,1223604,3164156,2738911,271361,18483,135401,2990,1629309,1455724,173585,1135057,503562,316231,315264,1811797,1739093,57657,15047,325425,938049,25051,912998,612624,100731,511893,13840498,116779,0.850928573736611,13398843,215732,1.63642873848653
1984:Q3,14144936,5923410,4614714,47316,15499,1245881,3190044,2765063,273088,19166,132727,3439,1743761,1542913,200848,1157888,505415,331290,321183,1828761,1754451,58878,15432,297634,930767,25456,905311,633133,107372,525761,14144936,304438,2.19961786905449,13718674,319831,2.38700292231795
1984:Q4,14316960,6067163,4733727,48100,15698,1269638,3221722,2789414,275493,19860,136955,3569,1763171,1553280,209891,1182183,512526,344428,325229,1845356,1769715,59829,15812,233796,908540,25994,882546,674743,104852,569891,14316960,172024,1.2161523885222,13982781,264107,1.92516204601648
1985:Q1,14665978,6228765,4864796,48555,15968,1299446,3248365,2813346,276412,20220,138387,3856,1905766,1671084,234682,1189841,517854,340820,331167,1865761,1788066,61480,16215,223624,918585,30324,888261,694961,112979,581982,14665978,349018,2.43779383226535,14372162,389381,2.78472056812937
1985:Q2,14950700,6407391,5016525,49116,16221,1325529,3261598,2830101,277934,20626,132937,4097,2012155,1743624,268531,1193438,522710,333936,336792,1883582,1804079,62914,16589,188439,920657,32398,888259,732217,120428,611789,14950700,284722,1.94137970181444,14689156,316994,2.20561305840715
1985:Q3,15067901,6595890,5179275,49694,16487,1350434,3294327,2863586,279996,21265,129480,4252,1885919,1641750,244169,1206414,525900,337942,342572,1904937,1823762,64221,16954,176162,932562,37738,894824,756400,115106,641294,15067901,117200,0.78391216870867,14878363,189206,1.28806908008167
1985:Q4,15618859,6783934,5339927,50419,16706,1376882,3353944,2912260,283744,22017,135923,4246,2226022,1916908,309114,1210428,528614,334377,347437,1929568,1846433,65834,17301,110716,965750,44383,921367,855033,136791,718242,15618859,550958,3.65650072092681,15344013,465650,3.12971587605076
1986:Q1,16071704,6910865,5440636,51159,17057,1402013,3382693,2943501,284431,22414,132347,4756,2514018,2136797,377221,1218714,532906,333416,352392,1957516,1872876,66963,17677,83142,995891,58372,937519,912749,162113,750636,16071704,452845,2.89934789165625,15824979,480966,3.13454864723243
1986:Q2,16383712,7079747,5574296,52297,17420,1435734,3413795,2975024,287970,22848,127953,5541,2621586,2244577,377009,1227833,536692,333749,357392,1991963,1905053,68811,18099,43247,1017182,64259,952923,973935,178274,795661,16383712,312008,1.94135131492139,16186518,361539,2.28460847843795
1986:Q3,16412813,7257732,5704213,53402,17745,1482372,3457119,3016220,291717,23538,125643,5522,2382173,2031804,350369,1242510,541665,338898,361947,2024752,1935718,70492,18542,43005,1048396,72043,976353,1005391,172779,832612,16412813,29101,0.177620017124403,16348053,161535,0.997962481092987
1986:Q4,16860493,7422094,5827688,54289,18069,1522048,3498211,3054746,294552,24424,124489,5758,2609800,2240835,368965,1260085,553366,340135,366584,2057519,1965555,72955,19009,7026,1069516,72399,997117,1062489,183172,879317,16860493,447681,2.72762858080285,16891113,543060,3.32186392917802
1987:Q1,17590884,7585546,5957739,55365,18524,1553918,3543577,3093671,296536,24786,128584,6473,3136272,2708148,428124,1275675,558496,344858,372321,2086759,1993076,74175,19508,-43419,1105102,91583,1013519,1148521,228339,920182,17590884,730390,4.33196284289075,17504040,612927,3.62869257493198
1987:Q2,17878486,7755250,6091745,56214,19002,1588289,3579637,3128899,297586,25457,127695,6350,3198905,2783592,415313,1290751,562990,348856,378905,2119943,2024288,75626,20029,-72350,1110824,99680,1011144,1183174,242944,940230,17878486,287603,1.63495296285336,17781743,277703,1.58651089188499
1987:Q3,18254858,7919082,6217403,57090,19498,1625091,3615668,3163813,298872,26529,126454,6550,3363362,2944431,418931,1312808,571876,354917,386015,2155127,2057542,77001,20584,-117740,1132976,107277,1025699,1250715,259413,991302,18254858,376372,2.10516512797899,18184441,402698,2.26467028287941
1987:Q4,17823161,8040425,6308947,58601,20155,1652722,3669627,3208385,303651,28116,129475,5289,2615600,2286653,328947,1318182,570498,352545,395139,2180829,2081188,78467,21174,-6791,1200097,94700,1105397,1206889,189006,1017883,17823161,-431697,-2.36483398766154,18116879,-67562,-0.371537567923457
1988:Q1,18218822,8208746,6447506,59712,21360,1680168,3728090,3258009,307476,28991,133614,5710,2772367,2419233,353134,1338567,571191,362994,404382,2211258,2109281,80172,21805,-45915,1220193,110010,1110183,1266108,199740,1066368,18218822,395662,2.21992975836493,18601477,484598,2.67484073551347
1988:Q2,18602425,8426199,6623816,60742,22510,1719131,3776411,3300172,310757,30433,135049,5850,2899595,2514872,384723,1356270,576432,367559,412279,2235522,2131023,82034,22465,-97422,1226259,105733,1120526,1323681,211473,1112208,18602425,383603,2.1055291595919,19019392,417915,2.24667611685532
1988:Q3,18829710,8598388,6754617,61705,23571,1758495,3823350,3340495,313509,32471,136875,5998,2863593,2459275,404318,1374191,585832,369823,418536,2261639,2154327,84178,23134,-97449,1248598,108506,1140092,1346047,211836,1134211,18829710,227285,1.22180379721699,19335648,316257,1.66281118939453
1988:Q4,19206435,8764943,6876522,63306,24663,1800452,3878703,3388668,319681,34822,135532,5920,2946957,2558076,388881,1405825,601146,380107,424572,2286272,2176227,86195,23850,-82185,1323344,128662,1194682,1405529,213813,1191716,19206435,376725,2.00069381121023,19853031,517382,2.67579562837165
1989:Q1,19594919,8927028,7000785,64584,25447,1836212,3933404,3433238,323266,36314,140586,5984,3092460,2669423,423037,1419010,603078,385044,430888,2310658,2197405,88640,24613,-93625,1367703,133621,1234082,1461329,226810,1234519,19594919,388484,2.02267635708808,20283595,430564,2.16875833645582
1989:Q2,20054131,9094639,7138481,65728,26239,1864191,3990483,3486034,326266,37751,140432,5569,3303923,2835812,468111,1439833,610521,392609,436703,2348050,2231979,90633,25438,-128366,1384528,137833,1246695,1512893,247993,1264900,20054131,459212,2.34352701425569,20685438,401843,1.98112190757981
1989:Q3,20638704,9327699,7337124,67215,27010,1896350,4025632,3519714,330611,39493,135814,5827,3564742,3056089,508653,1464091,619268,403079,441744,2383198,2263956,92948,26294,-132484,1443276,171711,1271565,1575761,275749,1300012,20638704,584573,2.91497618009284,21221555,536117,2.59176172333599
1989:Q4,20890273,9466523,7444347,68558,27843,1925775,4071333,3557102,333546,41188,139497,5209,3615610,3138600,477010,1477700,627901,403015,446784,2412950,2290404,95378,27168,-159053,1495564,197345,1298219,1654617,275709,1378908,20890273,251568,1.21891408431201,21603997,382442,1.80214033507141
1990:Q1,20874672,9601984,7536200,70032,28623,1967129,4093534,3572610,336276,42264,142385,5152,3450376,3005478,444898,1493836,631165,410540,452131,2448308,2322803,97455,28050,-218519,1462622,162878,1299744,1681140,260910,1420230,20874672,-15601,-0.074680406106962,21738800,134802,0.623969776842093
1990:Q2,21147230,9664374,7571278,71144,29441,1992511,4102931,3580150,336867,43757,142158,4947,3588635,3134877,453758,1508945,634840,416292,457813,2485402,2356346,100136,28920,-208005,1518698,190890,1327808,1726702,269743,1456959,21147230,272558,1.30568879129852,21972045,233245,1.07294458868132
1990:Q3,20702934,9737357,7618204,72647,30260,2016246,4118438,3590403,338562,45579,143894,4702,3010696,2653601,357095,1525717,640604,421610,463503,2523478,2390518,103180,29780,-217454,1534467,166628,1367839,1751921,230043,1521878,20702934,-444296,-2.10096666761418,21807225,-164820,-0.750135626088961
1990:Q4,21140650,9747666,7603326,74319,30901,2039120,4121392,3588314,340726,47566,144787,4072,3333710,2955814,377896,1540998,644532,428892,467574,2541762,2405277,105841,30644,-148950,1611213,197596,1413617,1760163,242615,1517548,21140650,437717,2.11427338554707,22251163,443938,2.03573772205416
1991:Q1,21773747,9815701,7640059,75981,31832,2067829,4127430,3587922,343653,48925,146929,4504,3852473,3396441,456032,1557483,649393,434103,473987,2557969,2417956,108432,31581,-141813,1656386,220890,1435496,1798199,276092,1522107,21773747,633097,2.99468864760547,22839481,588318,2.64398910838177
1991:Q2,21782592,9867070,7673797,76826,32740,2083707,4110599,3577245,342730,50452,140172,4667,3824240,3354319,469921,1566808,654657,433144,479007,2590709,2448562,109796,32351,-181501,1633863,224206,1409657,1815364,276334,1539030,21782592,8845,0.040621765852243,22887502,48021,0.210253702339524
1991:Q3,22067987,9899363,7684595,77694,33631,2103443,4072523,3545228,341908,52122,133264,5080,4047899,3536308,511591,1585924,664619,438086,483219,2615680,2471465,111153,33062,-158481,1681120,258216,1422904,1839601,282180,1557421,22067987,285396,1.31020063506295,23150992,263490,1.15124093299748
1991:Q4,22618787,9958091,7727725,78767,34210,2117389,4051511,3523622,341109,53690,133090,5112,4568797,3998481,570316,1592542,662815,445832,483895,2621535,2474531,113302,33702,-178800,1704101,278976,1425125,1882902,291200,1591702,22618787,550800,2.49592318965208,23713577,562585,2.43006760877047
1992:Q1,22500483,10057079,7810077,80072,34835,2132095,4048851,3511420,343191,54371,139869,5116,4501369,3908353,593016,1598407,665706,447937,484764,2637692,2488410,114989,34293,-348031,1694990,257473,1437517,2043021,279172,1763849,22500483,-118304,-0.523034866315604,23812248,98671,0.416096360085624
1992:Q2,22550820,10099808,7829974,80953,35802,2153079,4020064,3481751,342956,55866,139491,4969,4484320,3870341,613979,1613414,671688,453250,488476,2675098,2523316,116740,35042,-346853,1735610,272908,1462702,2082463,280355,1802108,22550820,50337,0.223713324265758,23889574,77326,0.324731346521389
1992:Q3,22783531,10188253,7897948,82042,36721,2171542,4010807,3470202,342641,57514,140450,5443,4604121,3966349,637772,1628432,677542,458870,492020,2703786,2549900,118036,35850,-357311,1774125,296190,1477935,2131436,285368,1846068,22783531,232712,1.03194255241812,24226244,336670,1.40927726707885
1992:Q4,23377397,10273802,7959836,82840,37871,2193255,4003935,3461586,341482,59394,141474,5300,5107703,4361179,746524,1652145,689103,465812,497230,2738425,2581990,119708,36727,-403913,1760732,314266,1446466,2164645,308847,1855798,23377397,593866,2.60655787333849,24850148,623904,2.57532188408137
1993:Q1,23684823,10295847,7967877,83413,38157,2206400,4023262,3472896,342965,60378,147023,6187,5304972,4481787,823185,1667768,697592,472564,497612,2778421,2619300,121589,37532,-391635,1833832,365074,1468758,2225467,323329,1902138,23684823,307425,1.31505372474217,25169564,319416,1.28536732354096
1993:Q2,23944146,10409547,8050605,83928,38762,2236252,4046809,3497132,344494,61660,143523,5864,5331916,4502439,829477,1677188,703603,473061,500524,2816003,2654561,123225,38217,-343181,1927647,426520,1501127,2270828,320431,1950397,23944146,259324,1.09489436314955,25436935,267371,1.06227907694944
1993:Q3,24327083,10525028,8135664,84400,39085,2265879,4069569,3521950,345569,62657,139393,6529,5533278,4628385,904893,1689330,708735,479210,501385,2837242,2673529,124904,38809,-333893,2026530,491186,1535344,2360423,327673,2032750,24327083,382936,1.59928936242496,25807593,370659,1.45716759365634
1993:Q4,24765677,10650069,8222743,85114,40134,2302078,4102493,3550317,347773,64505,139898,6269,5753004,4842338,910666,1704793,714854,482890,507049,2874791,2709436,125967,39388,-325741,2141502,543862,1597640,2467243,340997,2126246,24765677,438595,1.80290761527569,26259860,452266,1.75245415860036
1994:Q1,24675255,10745768,8293139,86054,40538,2326037,4156342,3593488,351885,65586,145383,6284,5509287,4630536,878751,1713438,720597,484363,508478,2913865,2745322,128616,39927,-369729,2182917,578653,1604264,2552646,330689,2221957,24675255,-90422,-0.365111303015271,26454473,194613,0.741104834486022
1994:Q2,24867802,10873467,8385969,86834,41116,2359548,4207549,3643265,356030,66716,141538,5717,5434452,4541826,892626,1735410,726941,496714,511755,2946633,2775186,130919,40528,-335426,2262639,616744,1645895,2598065,328840,2269225,24867802,192547,0.780323522208879,26646836,192364,0.72714980476983
1994:Q3,25286185,10993165,8467431,87310,41925,2396499,4238293,3669435,358832,68143,141883,5805,5683732,4800739,882993,1750612,736633,497396,516583,2998370,2824161,133016,41193,-383792,2301996,626046,1675950,2685788,351444,2334344,25286185,418383,1.68242990768488,27006698,359862,1.35048644288556
1994:Q4,25602456,11088075,8533419,87566,42927,2424163,4287578,3710999,359974,69870,146735,5281,5690731,4796829,893902,1770425,747045,500502,522878,3054114,2878279,133901,41934,-293748,2391013,626762,1764251,2684760,352812,2331948,25602456,316271,1.25076470676479,27278286,271588,1.00563134657865
1995:Q1,26237507,11175342,8582291,88129,44223,2460699,4329024,3744596,363260,71889,149279,5557,6155864,5167983,987881,1785938,755963,498102,531873,3107833,2928693,136460,42680,-322051,2466940,644382,1822558,2788991,377573,2411418,26237507,635051,2.48043041556875,27830522,552235,2.02445064416996
1995:Q2,26908347,11272543,8654517,89139,44568,2484319,4361223,3774224,368043,73020,145936,5396,6678120,5594356,1083764,1797615,763679,499899,534037,3153131,2970922,138987,43222,-359682,2557976,668010,1889966,2917658,412156,2505502,26908347,670840,2.55679685457427,28361580,531059,1.90818767110315
1995:Q3,27626234,11386989,8746988,89696,45316,2504989,4410859,3823652,371094,74605,141508,6210,7228248,6024123,1204125,1806086,770983,497317,537786,3194778,3010175,140960,43643,-406937,2657360,728149,1929211,3064297,448511,2615786,27626234,717887,2.66789595102021,28994183,632603,2.23049284551649
1995:Q4,28307542,11494175,8829623,90118,45180,2529254,4459191,3866532,373827,75395,143436,6304,7690711,6406754,1283957,1810977,777201,498407,535369,3237506,3050361,143274,43871,-391322,2846028,790615,2055413,3237350,484180,2753170,28307542,681308,2.46616440848219,29642979,648795,2.23767432848112
1996:Q1,28925098,11633396,8934820,90216,45937,2562423,4504019,3908997,375512,76591,142918,6929,8060457,6683652,1376805,1835640,784116,513254,538270,3282575,3093473,144946,44156,-397918,2966171,849842,2116329,3364089,512003,2852086,28925098,617556,2.18159567424784,30276390,633411,2.13680089817195
1996:Q2,29369854,11746038,9030520,90250,46437,2578831,4522776,3917429,376934,77903,150509,6758,8375107,6988156,1386951,1820510,791128,489789,539593,3312959,3122371,146149,44439,-414293,3043475,903587,2139888,3457769,534464,2923305,29369854,444756,1.53761447223016,30710820,434430,1.43488038395426
1996:Q3,29715606,11864727,9121728,90889,46891,2605219,4553687,3939545,381077,79046,154019,7175,8535640,7047824,1487816,1828956,801469,486713,540774,3358739,3166243,147737,44759,-433317,3161288,939758,2221530,3594605,543271,3051334,29715606,345752,1.17723420525875,31004082,293262,0.954913613871788
1996:Q4,30608240,11987594,9220927,91444,47230,2627993,4627322,3982343,384666,80173,180140,7053,9143809,7204416,1939393,1833753,807692,484761,541300,3399939,3205645,149167,45127,-391230,3353692,1006135,2347557,3744922,585280,3159642,30608240,892633,3.00392138348971,31766567,762485,2.45930608714066
1997:Q1,30994952,12179377,9381907,92080,48289,2657101,4781011,4130657,386805,81539,182010,8008,9171735,7193063,1978672,1841025,813754,481587,545684,3448763,3252626,150460,45677,-434967,3442355,1019624,2422731,3877322,601272,3276050,30994952,386712,1.26342380263273,32161972,395405,1.24472113582443
1997:Q2,32721570,12301344,9491985,92858,49461,2667040,4820793,4167196,388662,82827,182108,9103,10665621,8364901,2300720,1849965,820236,479675,550054,3504077,3306109,151667,46301,-429334,3672425,1192191,2480234,4101759,723832,3377927,32721570,1726618,5.57064305382134,33471438,1309466,4.07147152808793
1997:Q3,34009556,12470467,9636074,93924,50409,2690060,4918070,4258836,392047,84492,182695,10043,11714589,9124288,2590301,1857379,827996,476924,552459,3544746,3345343,152526,46877,-505738,3806770,1244738,2562032,4312508,803708,3508800,34009556,1287986,3.93619930081464,34536627,1065190,3.18238383639765
1997:Q4,34491531,12689035,9825649,94611,50748,2718027,5064134,4400879,394973,86275,182007,9820,11870641,9136898,2733743,1864326,837612,475693,551021,3602007,3400766,153795,47446,-608432,3803278,1207787,2595491,4411710,838216,3573494,34491531,481975,1.41717499798019,35015932,479304,1.38781448228233
1998:Q1,36483171,12949483,10061489,96610,51248,2740136,5205401,4542102,396397,87248,179654,10571,13434590,10399956,3034634,1864577,839667,473862,551048,3637768,3434701,155037,48030,-619219,4043690,1385867,2657823,4662909,1004540,3658369,36483171,1991640,5.77428740284325,36714292,1698360,4.8502489364309
1998:Q2,37047964,13198084,10279240,98819,52270,2767755,5242517,4580789,399264,88209,174254,10295,13726089,10649187,3076902,1873911,844385,475115,554411,3673532,3467993,156751,48788,-676463,4113633,1370021,2743612,4790097,1045407,3744690,37047964,564793,1.54809296558658,37277110,562819,1.5329690187441
1998:Q3,35756322,13478408,10527249,101159,53230,2796770,5325683,4663043,403497,90406,168737,10065,12069369,9548977,2520392,1886535,853723,475947,556865,3735208,3526917,158711,49580,-748946,3961364,1167450,2793914,4710310,933205,3777105,35756322,-1291642,-3.48640599718685,36487293,-789817,-2.11877277430582
1998:Q4,38562751,13775947,10783760,103614,54774,2833799,5404224,4734346,407477,94414,167986,10131,14422485,11510006,2912479,1902488,861874,478371,562243,3794584,3583339,160883,50362,-747108,4262581,1474983,2787598,5009689,1108661,3901028,38562751,2806429,7.8487627544579,38682356,2195063,6.01596543977671
1999:Q1,39292542,14005270,10982156,106422,55385,2861307,5442990,4763902,412567,95825,170696,10250,14846708,11839323,3007385,1918883,869601,485635,563647,3848929,3635089,162691,51149,-780488,4408059,1527668,2880391,5188547,1216610,3971937,39292542,729791,1.89247765182174,39199042,516686,1.33571466784912
1999:Q2,40905520,14283718,11213301,108925,56622,2904870,5508833,4823597,416164,98388,170683,10606,16112078,12878568,3233510,1934988,879981,486085,568922,3919143,3702276,164822,52045,-863845,4597459,1656976,2940483,5461305,1327123,4134182,40905520,1612978,4.10504900895524,40350130,1151088,2.9365214190647
1999:Q3,40593466,14646450,11526857,111451,57409,2950733,5673974,4982521,419527,100975,170952,10933,15121731,12341204,2780527,1945436,887689,486134,571613,3974027,3753874,167169,52984,-779085,4742642,1701560,3041082,5521727,1245527,4276200,40593466,-312054,-0.76286643008336,40290407,-59724,-0.148013447926068
1999:Q4,44367977,14972235,11807523,114288,59303,2991121,5793391,5088250,424197,106036,174908,12397,18081406,15163210,2918196,1967301,896710,490384,580207,4048427,3824068,170380,53979,-507180,5126114,2003716,3122398,5633294,1435081,4198213,44367977,3774511,9.29832097280071,43229303,2938896,7.29428253490515
2000:Q1,46037097,15414198,12188221,117664,60385,3047928,5849944,5133158,430476,108393,177916,12610,19078035,16116670,2961365,1978073,905371,487697,585005,4121050,3893390,172656,55004,-416813,5338757,2089143,3249614,5755570,1521314,4234256,46037097,1669120,3.76199274206623,44538040,1308737,3.02743068943338
2000:Q2,45614564,15882831,12595489,121091,61539,3104712,5928060,5202378,436582,111466,177634,13414,18206181,15339284,2866897,1986467,915286,481441,589740,4209397,3978189,175102,56106,-611786,5340237,2054063,3286174,5952023,1522179,4429844,45614564,-422533,-0.917809136052708,44220743,-317297,-0.712418291988135
2000:Q3,46332730,16410521,13075160,124508,62669,3148184,6164714,5431881,442428,115024,175380,13104,18334456,15092223,3242233,1995162,923034,477847,594281,4271941,4037068,177592,57281,-857168,5248918,1942786,3306132,6106086,1552667,4553419,46332730,718166,1.57442162746874,44951374,730632,1.6522374357887
2000:Q4,45038005,16912563,13519854,127343,63609,3201757,6332253,5582121,446629,118694,184809,13148,16408204,13135116,3273088,2003809,930095,475675,598039,4337187,4099391,179558,58238,-969159,5271425,1852842,3418583,6240584,1482537,4758047,45038005,-1294725,-2.79440611209543,44306936,-644439,-1.43363506525566
2001:Q1,43756907,17368363,13926688,130714,64228,3246733,6420536,5661030,450742,120930,187834,14801,14427443,11424827,3002616,2008537,937466,470944,600127,4409649,4170201,180277,59171,-892423,5303133,1654541,3648592,6195555,1350833,4844722,43756907,-1281099,-2.84448326986957,43720560,-586375,-1.323439068964
2001:Q2,45151662,17751331,14273652,134230,64670,3278779,6492433,5728561,455558,122932,185382,16068,15537349,12299561,3237788,2015772,941965,471612,602195,4457964,4215216,182681,60067,-1119255,5349270,1718095,3631175,6468525,1473625,4994900,45151662,1394755,3.18750894398908,44942364,1221804,2.79457481845714
2001:Q3,43156947,18166086,14652826,137172,64775,3311313,6572909,5811926,457327,123316,180340,16508,13162899,10250403,2912496,2023328,948394,470916,604018,4505981,4260282,185095,60604,-1290764,5073412,1433884,3639528,6364176,1281358,5082818,43156947,-1994715,-4.41781127572817,43768880,-1173484,-2.61108652535398
2001:Q4,45075559,18438161,14868577,140200,65124,3364260,6599625,5835655,463420,125865,174685,17309,14773144,11623647,3149497,2026401,953566,465620,607215,4577599,4331074,185235,61290,-1356680,5370766,1612673,3758093,6727447,1441451,5285996,45075559,1918612,4.44566198600205,45275610,1506730,3.44246803802782
2002:Q1,45656602,18763824,15155222,144247,66083,3398272,6678025,5907940,467596,127255,175233,16482,14940625,11658900,3281725,2034157,956326,466139,611692,4641712,4392553,187256,61903,-1418223,5394592,1607025,3787567,6812815,1477303,5335512,45656602,581043,1.28904274692034,45880204,604594,1.33536409435658
2002:Q2,44537085,19183244,15525343,148224,66704,3442973,6780563,6005177,472770,129242,173374,16377,13160526,10032659,3127867,2045428,962914,467195,615319,4712844,4461459,188961,62424,-1361897,5430355,1521874,3908481,6792252,1280216,5512036,44537085,-1119517,-2.45203735838583,45145663,-734541,-1.6009984770281
2002:Q3,42784108,19617696,15908185,151024,67719,3490768,6902066,6118968,474681,131891,176525,16150,11025905,8329669,2696236,2061096,968699,471311,621086,4771443,4518396,189747,63300,-1610248,5217473,1235475,3981998,6827721,1088781,5738940,42784108,-1752977,-3.93599454721227,43868448,-1277215,-2.82909713299576
2002:Q4,44295627,20017534,16268397,154829,68103,3526205,7037389,6241858,478920,133541,183070,16735,11803945,8949948,2853997,2077616,976961,475564,625091,4821062,4565827,191201,64034,-1478654,5604281,1373980,4230301,7082935,1229421,5853514,44295627,1511519,3.53289912537809,45003840,1135392,2.58817363094792
2003:Q1,44400393,20434394,16658628,157326,68847,3549593,7206960,6405602,481484,135220,184653,16169,11387763,8659943,2727820,2098740,988978,478626,631136,4907612,4650511,192382,64719,-1651245,5619843,1293453,4326390,7271087,1208832,6062255,44400393,104766,0.236515222998186,45200471,196631,0.436920486199972
2003:Q2,46817753,20839203,17022325,160466,70318,3586094,7340105,6533156,484691,137903,184354,16851,13174021,9985955,3188066,2114092,991974,481880,640238,4950717,4692206,192840,65671,-1617236,6055974,1581419,4474555,7673210,1448104,6225106,46817753,2417360,5.44445588262938,46987752,1787282,3.9541216594165
2003:Q3,47991863,21339179,17473168,163329,71811,3630871,7481464,6659094,486776,140497,195097,16854,13682250,10362701,3319549,2131465,995770,485845,649850,4995299,4734381,194291,66627,-1654648,6237071,1755385,4481686,7891718,1483137,6408581,47991863,1174111,2.50783220013248,48044550,1056798,2.24909199899371
2003:Q4,50553902,21907862,17989646,167569,72982,3677665,7595050,6764000,492381,142250,196419,17168,15290825,11578828,3711997,2149792,1001752,489383,658657,5047918,4784061,196290,67567,-1454714,6895099,2079422,4815677,8349813,1696233,6653580,50553902,2562038,5.33848479282887,50239666,2195116,4.56891817756726
2004:Q1,52076508,22606864,18624054,171034,74018,3737758,7811343,6963422,500588,144948,202385,15821,15788766,11817182,3971584,2171832,1012861,492727,666244,5126944,4860083,198205,68656,-1445062,7140418,2138460,5001958,8585480,1725986,6859494,52076508,1522607,3.01184776651766,52484606,2244939,4.4684601344772
2004:Q2,53333807,23432819,19387007,175805,74896,3795111,8173208,7304111,512332,147151,209614,15628,15919890,12058758,3861132,2204540,1033206,497864,673470,5278743,5008742,200325,69676,-1691021,7297724,2161543,5136181,8988745,1769673,7219072,53333807,1257299,2.41432997144096,53634142,1149536,2.19023424367577
2004:Q3,54460078,24214230,20131503,179092,75798,3827837,8544909,7673700,517616,148402,205191,16374,15638501,11715862,3922639,2243810,1061715,501342,680753,5490327,5218478,201111,70738,-1688073,7489800,2212356,5277444,9177873,1738872,7439001,54460078,1126271,2.11173920816173,54693752,1059610,1.97562651677469
2004:Q4,57615714,25033112,20873948,183825,77168,3898171,8803622,7920229,527456,149506,206432,16929,17246784,12960643,4286141,2289100,1090132,508032,690936,5687227,5412427,203170,71630,-1461061,8322363,2560418,5761945,9783424,1952173,7831251,57615714,3155636,5.79440199563056,57193234,2499482,4.56995943782108
2005:Q1,58633922,25923809,21701985,188590,78150,3955084,9013103,8106569,542674,153265,210595,17181,16995855,12897487,4098368,2322048,1107676,515321,699051,5779968,5502235,205032,72701,-1418042,8598004,2649905,5948099,10016046,1933414,8082632,58633922,1018208,1.76723969940642,58312097,1118863,1.95628563764672
2005:Q2,60395526,26869202,22579052,192371,79486,4018293,9340179,8421957,553572,156671,207979,17045,17378149,13067290,4310859,2357904,1130160,518753,708991,5949084,5669052,206277,73755,-1516037,8740346,2704402,6035944,10256384,1972261,8284123,60395526,1761604,3.00441173470702,59889730,1577633,2.70549830854334
2005:Q3,62445186,27756163,23423131,194702,80421,4057909,9677102,8748708,557015,158497,212882,16877,17955467,13562030,4393437,2394869,1154641,522838,717390,6131438,5849136,207599,74703,-1486730,9147904,3078670,6069234,10634633,2062051,8572582,62445186,2049660,3.39372808502804,61662632,1772902,2.96027643334077
2005:Q4,64156732,28631894,24246208,197727,81733,4106226,10016317,9075599,562312,160241,218165,17068,18170670,13540964,4629706,2432879,1176669,528547,727663,6279947,5997439,206791,75717,-1392043,9396306,3317705,6078601,10788349,2117753,8670596,64156732,1711546,2.7408778345341,63461854,1799222,2.91784902031287
2006:Q1,66265837,29221768,24776419,201595,82898,4160856,10155861,9206692,573039,163121,213010,17470,19287965,14537066,4750899,2469225,1197239,535250,736736,6383284,6098015,208369,76900,-1269737,10131013,3682411,6448602,11400749,2256912,9143837,66265837,2109104,3.28742506640448,65970223,2508369,3.95256191720833
2006:Q2,66225069,29389688,24891594,205326,83426,4209342,10290561,9328941,581732,165130,214758,17071,18704697,13925237,4779460,2507632,1222253,542696,742683,6610274,6322721,209388,78165,-1294854,10380145,3673580,6706565,11674999,2233733,9441266,66225069,-40767,-0.061520919857672,65904670,-65553,-0.099367803372957
2006:Q3,67057750,29452794,24899836,210299,84211,4258448,10495100,9511563,594186,167331,222019,16895,19293059,14237203,5055856,2542268,1241595,551096,749577,6784340,6495410,209421,79509,-1526705,10816542,3828619,6987923,12343247,2387389,9955858,67057750,832681,1.25734997951391,66428561,523891,0.794922821728324
2006:Q4,68853471,29558933,24959946,215056,85423,4298508,10661406,9661430,606974,170705,222297,15279,20499136,15092891,5406245,2579473,1265685,555322,758466,7029685,6736161,212645,80879,-1490441,11441619,4328960,7112659,12932060,2558411,10373649,68853471,1795721,2.67787216415545,67931858,1503297,2.2630277811985
2007:Q1,69821226,29510603,24858866,220169,87005,4344563,10728770,9701014,618469,174307,234980,17916,21010205,15626270,5383935,2615098,1283019,562026,770053,7268983,6971372,215121,82490,-1330348,12093213,4536363,7556850,13423561,2600690,10822871,69821226,967755,1.40552862232665,68944453,1012595,1.49060356034687
2007:Q2,70699551,29069627,24364618,225170,88524,4391315,10749983,9705790,630688,177462,236043,18445,21993434,16646031,5347403,2644747,1296807,566460,781480,7389977,7088608,217193,84176,-1166662,12951982,4958299,7993683,14118645,2861097,11257548,70699551,878325,1.25796238319519,69385165,440712,0.639227851509933
2007:Q3,70657390,28570787,23824810,228645,89975,4427357,10777359,9718254,637990,180234,240881,18993,21972204,16913932,5058272,2677964,1310504,574563,792897,7509704,7205185,218553,85966,-869621,13628991,5262469,8366522,14498612,2943882,11554730,70657390,-42161,-0.059633916799612,69465256,80092,0.115430359967727
2007:Q4,69030687,27996905,23200223,231664,91076,4473942,10689958,9617200,641976,183855,246927,20007,20905256,16299269,4605987,2709820,1325528,581987,802305,7645091,7335688,221565,87838,-936350,13774046,5247990,8526056,14710396,2953999,11756397,69030687,-1626703,-2.30224082793553,68440853,-1024403,-1.47469849246104
2008:Q1,65837439,27119357,22267731,235550,93592,4522484,10342849,9252507,647043,185267,258032,20497,19018772,14903311,4115461,2741892,1338782,588869,814241,7761469,7447208,224438,89823,-1167397,13595510,4786880,8808630,14762907,2747026,12015881,65837439,-3193248,-4.62583830972566,66177731,-2263123,-3.3066838855727
2008:Q2,64089185,26138248,21255201,239307,95932,4547808,10049664,8939182,650120,186586,273776,20624,18492356,14820037,3672319,2773115,1351116,598471,823528,7858704,7539033,228013,91658,-1243526,13381614,4701709,8679905,14625140,2701219,11923921,64089185,-1748254,-2.65540950260348,64807787,-1369944,-2.07009802765118
2008:Q3,60927204,25382358,20461643,245824,98122,4576769,9960116,8845498,660419,189052,265147,21623,16894889,13206412,3688477,2804447,1363799,609166,831482,8008071,7683214,231659,93198,-2144300,12142355,3636110,8506245,14286656,2490107,11796549,60927204,-3161981,-4.9337208434882,62824841,-1982945,-3.05973316167081
2008:Q4,55604526,24376034,19456386,255120,99271,4565257,9582641,8474000,678920,191568,238153,19606,13383894,10504222,2879672,2828699,1375492,619486,833721,8209297,7879493,235688,94116,-2795646,11031273,2748428,8282845,13826918,1929859,11897059,55604526,-5322678,-8.73612751853603,58995882,-3828959,-6.09465827312535
2009:Q1,53348069,23766157,18854510,259994,100373,4551280,9210260,8108535,681326,189926,230472,22188,11804099,9448755,2355344,2834467,1374747,624040,835680,8312996,7981345,236771,94880,-2602097,10702592,2456973,8245619,13304689,1712381,11592308,53348069,-2256456,-4.05804399710972,57738923,-1256959,-2.13058837105791
2009:Q2,54903910,23494125,18580617,263480,102054,4547974,8756394,7662410,681478,189354,223152,19370,13723474,10836381,2887093,2823434,1351998,631507,839929,8270588,7937697,237142,95749,-2183475,11488711,3162209,8326502,13672186,2037931,11634255,54903910,1555841,2.91639516673077,58483487,744564,1.2895355189866
2009:Q3,57026800,23381591,18480137,266297,104247,4530910,8496571,7409867,678406,191666,216632,18859,15971598,12398650,3572948,2819238,1335145,638235,845858,8224459,7890177,237690,96592,-1885516,12540905,3836151,8704754,14426421,2444023,11982398,57026800,2122890,3.86655501580906,59788041,1304554,2.2306372882023
2009:Q4,57687278,23473860,18537317,268573,107950,4560020,8473337,7389051,671947,194721,217619,20731,16671619,13082910,3588709,2838393,1332809,647114,858470,8251840,7915366,238587,97887,-2042503,12494700,3995295,8499405,14537202,2657426,11879776,57687278,660478,1.15818833288371,60538475,750434,1.25515797916845
2010:Q1,58210562,23422594,18493194,268545,110152,4550703,8401285,7315331,667215,194943,223796,21496,17464792,13479594,3985198,2863561,1337629,655595,870337,8318093,7979484,239676,98933,-2281259,12732037,4135014,8597023,15013296,2860612,12152684,58210562,523284,0.907105357686369,61509867,971392,1.60458629812066
2010:Q2,56537243,23419804,18503452,272724,112820,4530808,8626693,7538280,670460,196689,221264,21280,15625147,12001569,3623578,2892515,1341355,665656,885504,8401884,8062260,239672,99952,-2450080,12435215,3734612,8700603,14885295,2540483,12344812,56537243,-1673319,-2.87459711674549,60553326,-956541,-1.55510183194682
2010:Q3,58350446,23129740,18216381,278697,114381,4520281,8740680,7636964,676865,197400,229450,22121,17269849,13359114,3910735,2921092,1350419,674230,896443,8475573,8135627,239211,100735,-2208609,13616324,4475807,9140517,15824933,2863550,12961383,58350446,1813203,3.20709427411544,62088096,1534770,2.53457584065008
2010:Q4,60420436,23023848,18085819,284783,117805,4535441,8827386,7700616,682482,199917,244372,26277,19167028,14821022,4346006,2955761,1360387,684952,910422,8561435,8221208,238497,101730,-2141299,14108093,4900246,9207847,16249392,3213464,13035928,60420436,2069991,3.54751519215034,64390024,2301928,3.70751909946908
2011:Q1,61339323,22947983,17969339,289236,121168,4568240,8848660,7695391,685783,201503,265983,24689,20325590,15747470,4578120,2991295,1371908,698775,920612,8656354,8314873,238450,103031,-2455248,14533952,5159980,9373972,16989200,3437937,13551263,61339323,918886,1.52082066648527,65618442,1228417,1.90777571867636
2011:Q2,61531870,22968890,17940551,295142,124148,4609049,8899830,7738341,692905,202851,265732,24977,20194762,15658739,4536023,3017730,1386529,703788,927413,8791535,8448034,239292,104209,-2365854,14955939,5204875,9751064,17321793,3459824,13861969,61531870,192547,0.313904475010858,65989312,370871,0.565192873821914
2011:Q3,57897427,23057570,17999250,300705,126986,4630629,8957059,7785214,698838,204071,268936,23796,17058235,13341311,3716924,3044785,1401581,711274,931930,8941439,8595894,240274,105271,-3185457,14076266,4287221,9789045,17261723,3027699,14234024,57897427,-3634443,-5.90660204905522,63756691,-2232621,-3.38330716750044
2011:Q4,59745372,23157677,18076243,307342,129394,4644698,9086186,7900286,706969,205172,273759,24701,18808855,14752640,4056215,3061306,1413994,713140,934172,9071229,8723486,241666,106077,-3464582,14282379,4501438,9780941,17746961,3397174,14349787,59745372,1847945,3.19175660706675,65331061,1574370,2.46934097607898
2012:Q1,62512777,23418216,18293995,312101,133080,4679040,9174778,7978730,712988,207061,275999,33349,21187291,16453350,4733941,3084073,1421396,720332,942345,9171189,8821998,242181,107010,-3556119,14833665,5005403,9828262,18389784,3845867,14543917,62512777,2767405,4.63199890320312,67660763,2329701,3.56599329469641
2012:Q2,62081370,23860817,18719224,316288,136211,4689094,9336257,8139710,717369,208359,270819,33731,20416913,15891704,4525209,3104855,1431494,725246,948115,9279791,8929568,242396,107827,-3950994,14509403,4673015,9836388,18460397,3716431,14743966,62081370,-431407,-0.69010974260313,67809592,148830,0.219964699792152
2012:Q3,64082434,24297813,19136206,321378,139495,4700734,9608179,8400793,724030,210181,273176,34279,21488474,16697741,4790733,3122665,1440463,728520,953682,9359436,9007998,242812,108626,-3828412,15208481,5048350,10160131,19036893,3940042,15096851,64082434,2001064,3.2232924632288,69724879,1915287,2.8245076404874
2012:Q4,64893298,24699475,19503615,326900,141474,4727486,9759748,8546398,732003,210440,270907,34097,21427803,16468373,4959430,3126726,1445702,726592,954432,9396049,9043932,242448,109669,-3550600,15612656,5321857,10290799,19163256,3952993,15210263,64893298,810863,1.26534414258539,70928285,1203406,1.72593418145933
2013:Q1,67707569,25225811,19999322,332189,143346,4750954,9897288,8689366,738164,212460,257298,34829,23948537,18434614,5513923,3139848,1454096,728427,957325,9468037,9115355,241935,110747,-4006781,15927115,5546349,10380766,19933896,4393282,15540614,67707569,2814271,4.33676729753002,74032603,3104318,4.37669957723238
2013:Q2,69009845,25840019,20600819,336968,146588,4755644,10182453,8960483,744792,216007,261170,35312,24420653,18678382,5742271,3158249,1463192,728833,966224,9548268,9194126,242212,111930,-4175109,15947687,5541381,10406306,20122796,4463414,15659382,69009845,1302276,1.92338252611173,75839496,1806893,2.44067239386523
2013:Q3,71680665,26437021,21176818,341814,149452,4768937,10491139,9252532,751956,219621,267030,32930,25780016,19826780,5953236,3175493,1471319,730343,973831,9632497,9276600,242756,113141,-3868431,16748824,6084914,10663910,20617255,4776194,15841061,71680665,2670821,3.87020268208766,78507292,2667795,3.51768618892706
2013:Q4,74342559,26925229,21646102,346127,153427,4779573,10732508,9474761,757249,223394,277104,36715,27998998,21555428,6443570,3204770,1483146,736230,985394,9738382,9380086,243709,114587,-4294043,16972445,6472877,10499568,21266488,5205378,16061110,74342559,2661894,3.71354508557356,81432803,2925511,3.72641926450758
2014:Q1,75328474,27184098,21893895,349991,155683,4784529,10736891,9455553,764351,226553,290434,38164,28650291,22038232,6612059,3221134,1490632,739056,991446,9809888,9449896,244062,115930,-4311992,17507586,6647696,10859890,21819578,5379704,16439874,75328474,985914,1.32617761920335,82607841,1175038,1.44295440640745
2014:Q2,77111074,27439901,22117492,354873,156935,4810601,10863486,9572421,771975,228365,290725,39118,29898321,23070813,6827508,3227245,1494844,739968,992433,9878008,9516449,244733,116826,-4235005,18273013,7101816,11171197,22508018,5636133,16871885,77111074,1782600,2.36643620780359,83961686,1353845,1.63888250641132
2014:Q3,77270393,27836688,22475151,359426,158727,4843384,11139238,9838006,779336,230720,291176,39924,29707334,22862044,6845290,3238852,1503327,742024,993501,9948740,9585853,245311,117576,-4640383,18136555,6828948,11307607,22776938,5710229,17066709,77270393,159319,0.206610059471232,84330695,369008,0.439496115159759
2014:Q4,78968334,28302747,22917716,363865,160638,4860528,11451001,10139677,786136,233724,291464,40609,31040162,23722224,7317938,3243959,1506191,744614,993154,9992868,9629221,245615,118032,-5103012,18017949,6770629,11247320,23120961,5920568,17200393,78968334,1697941,2.19740161013078,86205529,1874834,2.22319309835399
2015:Q1,80167250,28773068,23357182,369629,163959,4882298,11687013,10375320,789286,236892,285515,40876,31410359,23963631,7446728,3251477,1507488,746497,997492,10011499,9646737,246202,118560,-5007042,18532940,7174471,11358469,23539982,5974124,17565858,80167250,1198916,1.51822396106079,87920700,1715171,1.98963021186759
2015:Q2,80568574,29162066,23683600,374735,166155,4937576,11849816,10537166,791687,239817,281146,40913,31127540,23615189,7512351,3248166,1508429,740653,999084,10105518,9740573,245808,119137,-4965445,18597332,7311250,11286082,23562777,5888594,17674183,80568574,401323,0.500607509243136,88536053,615352,0.69989490064773
2015:Q3,78560132,29602927,24083127,379326,167354,4973120,12033910,10730329,793579,241841,268161,44740,28624754,21626978,6997776,3249331,1508246,743355,997730,10163436,9797616,245834,119986,-5158966,17830317,6545989,11284328,22989283,5374469,17614814,78560132,-2008441,-2.4928346974005,87547339,-988714,-1.11673602120677
2015:Q4,80292677,29999767,24443073,383570,167322,5005802,12153460,10853216,796209,243614,260422,45364,29911895,22618684,7293211,3243632,1507403,742508,993721,10183773,9817394,245589,120790,-5245214,17837456,6756163,11081293,23082670,5500927,17581743,80292677,1732545,2.20537425743875,89546370,1999031,2.28337179819388
2016:Q1,80324709,30305048,24696517,388512,166838,5053181,12183411,10878873,797913,243726,262899,46473,29876418,22757370,7119048,3242534,1508037,744532,989965,10201173,9833588,245794,121791,-5530348,17981336,6665318,11316018,23511684,5413274,18098410,80324709,32032,0.039893957651488,90026214,479844,0.53586114980832
2016:Q2,81504799,30705622,25051194,393544,169274,5091610,12395400,11088694,801795,247534,257377,46253,30462917,23134891,7328026,3262134,1520262,746224,995648,10359697,9989837,246760,123100,-5727224,18320950,6728339,11592611,24048174,5450247,18597927,81504799,1180090,1.46914962681391,90846339,820125,0.910984356868148
2016:Q3,83682563,31293228,25602815,398338,171381,5120694,12722622,11425354,804927,249895,242446,62674,31629891,23930817,7699074,3277346,1527219,749317,1000810,10407747,10036112,247123,124512,-5710945,18770162,7148103,11622059,24481107,5709980,18771127,83682563,2177764,2.67194555817479,93196941,2350602,2.58744814441812
2016:Q4,85490503,31779332,26052275,402219,175576,5149262,12875920,11564015,805447,256084,250373,60967,32620509,24271845,8348664,3301669,1538945,750289,1012435,10506675,10133144,247117,126414,-5654569,18602830,7146320,11456510,24257399,5780285,18477114,85490503,1807940,2.16047349766679,95198183,2001242,2.14732597278261
2017:Q1,87838757,32162799,26369003,407397,177434,5208965,12918276,11587133,811790,257954,261398,62566,34244629,25543203,8701426,3318092,1548156,751510,1018426,10620437,10243980,248123,128334,-5488042,19562314,7712310,11850004,25050356,6189919,18860437,87838757,2348254,2.7468008728432,97313148,2114966,2.22164489584212
2017:Q2,89636456,32675865,26857242,412828,179347,5226448,13193932,11853859,817424,260370,262279,61798,35034746,25999707,9035039,3331404,1556049,751758,1023597,10718486,10338770,249431,130285,-5379775,20355204,8206770,12148434,25734979,6311106,19423873,89636456,1797699,2.04659012251775,98724784,1411635,1.45061107484039
2017:Q3,91965167,33158601,27301228,418285,182569,5256519,13394173,12059231,822223,264390,248328,63022,36384101,26931006,9453095,3353291,1565938,754201,1033152,10848404,10466172,250256,131976,-5236425,21253089,8724835,12528254,26489514,6666669,19822845,91965167,2328711,2.59795048476666,100768004,2043220,2.06961229141071
2017:Q4,95008773,33735310,27832047,424112,185023,5294128,13669653,12316132,826629,267498,259394,61824,38403697,28366438,10037259,3370565,1573290,757950,1039325,10937287,10552617,251244,133426,-5169563,21879640,9129478,12750162,27049203,7042177,20007026,95008773,3043606,3.30952046815238,103363922,2595918,2.57613300135812
2018:Q1,95373514,34197606,28225819,430259,187097,5354431,13730054,12355992,841602,269471,262989,66771,37935717,28023967,9911750,3395773,1588755,760721,1046297,11081294,10694518,251655,135121,-5033701,21983829,9163731,12820098,27017530,7080489,19937041,95373514,364741,0.383902468241484,104691189,1327268,1.28407238322696
2018:Q2,97273574,34794925,28756882,437710,189865,5410468,14076060,12684113,861109,272030,258808,68870,39470682,29416373,10054309,3429386,1610555,764251,1054580,11310240,10920436,252921,136883,-5876589,21652104,8862819,12789285,27528693,7215497,20313196,97273574,1900060,1.99223054889069,106968661,2277472,2.17541856385628
2018:Q3,99594832,35114658,29001988,445512,192615,5474543,14153167,12744681,880625,274500,253361,70855,41670002,31195928,10474074,3455373,1622235,771056,1062082,11423097,11029032,255315,138750,-6292320,21794649,8932252,12862397,28086969,7707927,20379042,99594832,2321258,2.38631937422885,109038604,2069943,1.93509313472753
